title;category;price;rating
It's Only the Himalayas;Travel;45.17;2
Full Moon over Noah’s Ark: An Odyssey to Mount Ararat and Beyond;Travel;49.43;4
See America: A Celebration of Our National Parks & Treasured Sites;Travel;48.87;3
Vagabonding: An Uncommon Guide to the Art of Long-Term World Travel;Travel;36.94;2
Under the Tuscan Sun;Travel;37.33;3
A Summer In Europe;Travel;44.34;2
The Great Railway Bazaar;Travel;30.54;1
A Year in Provence (Provence #1);Travel;56.88;4
The Road to Little Dribbling: Adventures of an American in Britain (Notes From a Small Island #2);Travel;23.21;1
Neither Here nor There: Travels in Europe;Travel;38.95;3
1,000 Places to See Before You Die;Travel;26.08;5
Sharp Objects;Mystery;47.82;4
In a Dark, Dark Wood;Mystery;19.63;1
The Past Never Ends;Mystery;56.5;4
A Murder in Time;Mystery;16.64;1
The Murder of Roger Ackroyd (Hercule Poirot #4);Mystery;44.1;4
The Last Mile (Amos Decker #2);Mystery;54.21;2
That Darkness (Gardiner and Renner #1);Mystery;13.92;1
Tastes Like Fear (DI Marnie Rome #3);Mystery;10.69;1
A Time of Torment (Charlie Parker #14);Mystery;48.35;5
A Study in Scarlet (Sherlock Holmes #1);Mystery;16.73;2
Poisonous (Max Revere Novels #3);Mystery;26.8;3
Murder at the 42nd Street Library (Raymond Ambler #1);Mystery;54.36;4
Most Wanted;Mystery;35.28;3
Hide Away (Eve Duncan #20);Mystery;11.84;1
Boar Island (Anna Pigeon #19);Mystery;59.48;3
The Widow;Mystery;27.26;2
Playing with Fire;Mystery;13.71;3
What Happened on Beale Street (Secrets of the South Mysteries #2);Mystery;25.37;5
The Bachelor Girl's Guide to Murder (Herringford and Watts Mysteries #1);Mystery;52.3;5
Delivering the Truth (Quaker Midwife Mystery #1);Mystery;20.89;4
The Mysterious Affair at Styles (Hercule Poirot #1);Mystery;24.8;4
In the Woods (Dublin Murder Squad #1);Mystery;38.38;2
The Silkworm (Cormoran Strike #2);Mystery;23.05;5
The Exiled;Mystery;43.45;3
The Cuckoo's Calling (Cormoran Strike #1);Mystery;19.21;1
Extreme Prey (Lucas Davenport #26);Mystery;25.4;3
Career of Evil (Cormoran Strike #3);Mystery;24.72;2
The No. 1 Ladies' Detective Agency (No. 1 Ladies' Detective Agency #1);Mystery;57.7;4
The Girl You Lost;Mystery;12.29;5
The Girl In The Ice (DCI Erika Foster #1);Mystery;15.85;3
Blood Defense (Samantha Brinkman #1);Mystery;20.3;3
1st to Die (Women's Murder Club #1);Mystery;53.98;1
Tipping the Velvet;Historical fiction;53.74;1
Forever and Forever: The Courtship of Henry Longfellow and Fanny Appleton;Historical fiction;29.69;3
A Flight of Arrows (The Pathfinders #2);Historical fiction;55.53;5
The House by the Lake;Historical fiction;36.95;1
Mrs. Houdini;Historical fiction;30.25;5
The Marriage of Opposites;Historical fiction;28.08;4
Glory over Everything: Beyond The Kitchen House;Historical fiction;45.84;3
Love, Lies and Spies;Historical fiction;20.55;2
A Paris Apartment;Historical fiction;39.01;4
Lilac Girls;Historical fiction;17.28;2
The Constant Princess (The Tudor Court #1);Historical fiction;16.62;3
The Invention of Wings;Historical fiction;37.34;1
World Without End (The Pillars of the Earth #2);Historical fiction;32.97;4
The Passion of Dolssa;Historical fiction;28.32;5
Girl With a Pearl Earring;Historical fiction;26.77;1
Voyager (Outlander #3);Historical fiction;21.07;5
The Red Tent;Historical fiction;35.66;5
The Last Painting of Sara de Vos;Historical fiction;55.55;2
The Guernsey Literary and Potato Peel Pie Society;Historical fiction;49.53;1
Girl in the Blue Coat;Historical fiction;46.83;2
Between Shades of Gray;Historical fiction;20.79;5
While You Were Mine;Historical fiction;41.32;5
The Secret Healer;Historical fiction;34.56;3
Starlark;Historical fiction;25.83;3
Lost Among the Living;Historical fiction;27.7;4
A Spy's Devotion (The Regency Spies of London #1);Historical fiction;16.97;5
Scott Pilgrim's Precious Little Life (Scott Pilgrim #1);Sequential art;52.29;5
Tsubasa: WoRLD CHRoNiCLE 2 (Tsubasa WoRLD CHRoNiCLE #2);Sequential art;16.28;1
This One Summer;Sequential art;19.49;4
The Nameless City (The Nameless City #1);Sequential art;38.16;4
Saga, Volume 5 (Saga (Collected Editions) #5);Sequential art;51.04;2
Rat Queens, Vol. 3: Demons (Rat Queens (Collected Editions) #11-15);Sequential art;50.4;3
Princess Jellyfish 2-in-1 Omnibus, Vol. 01 (Princess Jellyfish 2-in-1 Omnibus #1);Sequential art;13.61;5
Pop Gun War, Volume 1: Gift;Sequential art;18.97;1
Patience;Sequential art;10.16;3
Outcast, Vol. 1: A Darkness Surrounds Him (Outcast #1);Sequential art;15.44;4
orange: The Complete Collection 1 (orange: The Complete Collection #1);Sequential art;48.41;1
Lumberjanes, Vol. 2: Friendship to the Max (Lumberjanes #5-8);Sequential art;46.91;2
Lumberjanes, Vol. 1: Beware the Kitten Holy (Lumberjanes #1-4);Sequential art;45.61;3
Lumberjanes Vol. 3: A Terrible Plan (Lumberjanes #9-12);Sequential art;19.92;2
I Hate Fairyland, Vol. 1: Madly Ever After (I Hate Fairyland (Compilations) #1-5);Sequential art;29.17;2
I am a Hero Omnibus Volume 1;Sequential art;54.63;3
Giant Days, Vol. 2 (Giant Days #5-8);Sequential art;22.11;2
Danganronpa Volume 1;Sequential art;51.99;4
Codename Baboushka, Volume 1: The Conclave of Death;Sequential art;36.72;4
Camp Midnight;Sequential art;17.08;4
Bitch Planet, Vol. 1: Extraordinary Machine (Bitch Planet (Collected Editions));Sequential art;37.92;2
The Shadow Hero (The Shadow Hero);Sequential art;33.14;1
Fables, Vol. 1: Legends in Exile (Fables #1);Sequential art;41.62;4
Batman: The Long Halloween (Batman);Sequential art;36.5;2
Batman: The Dark Knight Returns (Batman);Sequential art;15.38;5
Wonder Woman: Earth One, Volume One (Wonder Woman: Earth One #1);Sequential art;37.34;4
We Are Robin, Vol. 1: The Vigilante Business (We Are Robin #1);Sequential art;53.9;1
Through the Woods;Sequential art;25.38;2
Superman Vol. 1: Before Truth (Superman by Gene Luen Yang #1);Sequential art;11.89;5
So Cute It Hurts!!, Vol. 6 (So Cute It Hurts!! #6);Sequential art;35.43;4
Robin War;Sequential art;47.82;3
Red Hood/Arsenal, Vol. 1: Open for Business (Red Hood/Arsenal #1);Sequential art;25.48;2
Naruto (3-in-1 Edition), Vol. 14: Includes Vols. 40, 41 & 42 (Naruto: Omnibus #14);Sequential art;38.39;2
Lowriders to the Center of the Earth (Lowriders in Space #2);Sequential art;51.51;2
El Deafo;Sequential art;57.62;5
Batman: Europa;Sequential art;32.01;2
Art Ops Vol. 1;Sequential art;48.8;3
"Adulthood Is a Myth: A ""Sarah's Scribbles"" Collection";Sequential art;10.9;2
Fruits Basket, Vol. 9 (Fruits Basket #9);Sequential art;33.95;4
Roller Girl;Sequential art;14.1;5
Fruits Basket, Vol. 7 (Fruits Basket #7);Sequential art;19.57;1
Fruits Basket, Vol. 6 (Fruits Basket #6);Sequential art;20.96;4
Death Note, Vol. 6: Give-and-Take (Death Note #6);Sequential art;36.39;3
Fruits Basket, Vol. 5 (Fruits Basket #5);Sequential art;16.33;1
Death Note, Vol. 5: Whiteout (Death Note #5);Sequential art;52.41;1
The Demon Prince of Momochi House, Vol. 4 (The Demon Prince of Momochi House #4);Sequential art;27.88;2
Fruits Basket, Vol. 4 (Fruits Basket #4);Sequential art;50.44;4
The Wicked + The Divine, Vol. 3: Commercial Suicide (The Wicked + The Divine);Sequential art;14.41;3
The Sandman, Vol. 3: Dream Country (The Sandman (volumes) #3);Sequential art;55.55;5
Saga, Volume 3 (Saga (Collected Editions) #3);Sequential art;21.57;5
Prodigy: The Graphic Novel (Legend: The Graphic Novel #2);Sequential art;43.63;3
Persepolis: The Story of a Childhood (Persepolis #1-2);Sequential art;39.13;1
Original Fake;Sequential art;31.45;3
Grayson, Vol 3: Nemesis (Grayson #3);Sequential art;42.72;1
Fruits Basket, Vol. 3 (Fruits Basket #3);Sequential art;45.17;2
Black Butler, Vol. 1 (Black Butler #1);Sequential art;49.31;1
Awkward;Sequential art;38.02;2
The Sandman, Vol. 2: The Doll's House (The Sandman (volumes) #2);Sequential art;54.81;1
Saga, Volume 2 (Saga (Collected Editions) #2);Sequential art;11.75;3
Fruits Basket, Vol. 2 (Fruits Basket #2);Sequential art;11.64;5
Y: The Last Man, Vol. 1: Unmanned (Y: The Last Man #1);Sequential art;18.51;4
The Wicked + The Divine, Vol. 1: The Faust Act (The Wicked + The Divine);Sequential art;36.52;2
The Sandman, Vol. 1: Preludes and Nocturnes (The Sandman (volumes) #1);Sequential art;54.12;3
The Complete Maus (Maus #1-2);Sequential art;10.64;3
Skip Beat!, Vol. 01 (Skip Beat! #1);Sequential art;42.12;3
Saga, Volume 1 (Saga (Collected Editions) #1);Sequential art;28.48;1
Rat Queens, Vol. 1: Sass & Sorcery (Rat Queens (Collected Editions) #1-5);Sequential art;46.96;5
Paper Girls, Vol. 1 (Paper Girls #1-5);Sequential art;21.71;4
Ouran High School Host Club, Vol. 1 (Ouran High School Host Club #1);Sequential art;29.87;3
Ms. Marvel, Vol. 1: No Normal (Ms. Marvel (2014-2015) #1);Sequential art;39.39;4
Hawkeye, Vol. 1: My Life as a Weapon (Hawkeye #1);Sequential art;45.24;3
Giant Days, Vol. 1 (Giant Days #1-4);Sequential art;56.76;4
Fruits Basket, Vol. 1 (Fruits Basket #1);Sequential art;40.28;5
Bleach, Vol. 1: Strawberry and the Soul Reapers (Bleach #1);Sequential art;34.65;5
Ajin: Demi-Human, Volume 1 (Ajin: Demi-Human #1);Sequential art;57.06;4
The Secret Garden;Classics;15.08;4
The Metamorphosis;Classics;28.58;1
The Pilgrim's Progress;Classics;50.26;2
The Hound of the Baskervilles (Sherlock Holmes #5);Classics;14.82;2
Little Women (Little Women #1);Classics;28.07;4
Gone with the Wind;Classics;32.49;3
Candide;Classics;58.63;3
Animal Farm;Classics;57.22;3
Wuthering Heights;Classics;17.73;3
The Picture of Dorian Gray;Classics;29.7;2
The Complete Stories and Poems (The Works of Edgar Allan Poe [Cameo Edition]);Classics;26.78;4
Beowulf;Classics;38.35;2
And Then There Were None;Classics;35.01;2
The Story of Hong Gildong;Classics;43.19;4
The Little Prince;Classics;45.42;2
Sense and Sensibility;Classics;37.46;1
Of Mice and Men;Classics;47.11;2
Emma;Classics;32.93;2
Alice in Wonderland (Alice's Adventures in Wonderland #1);Classics;55.53;1
Sophie's World;Philosophy;15.94;5
The Death of Humanity: and the Case for Life;Philosophy;58.11;4
The Stranger;Philosophy;17.44;4
Proofs of God: Classical Arguments from Tertullian to Barth;Philosophy;54.21;1
Kierkegaard: A Christian Missionary to Christians;Philosophy;47.13;1
At The Existentialist CafÃ©: Freedom, Being, and apricot cocktails with: Jean-Paul Sartre, Simone de Beauvoir, Albert Camus, Martin Heidegger, Edmund Husserl, Karl Jaspers, Maurice Merleau-Ponty and others;Philosophy;29.93;5
Critique of Pure Reason;Philosophy;20.75;1
Run, Spot, Run: The Ethics of Keeping Pets;Philosophy;20.02;1
The Nicomachean Ethics;Philosophy;36.34;1
Meditations;Philosophy;25.89;2
Beyond Good and Evil;Philosophy;43.38;1
Chase Me (Paris Nights #2);Romance;25.27;5
Black Dust;Romance;34.53;5
Her Backup Boyfriend (The Sorensen Family #1);Romance;33.97;1
First and First (Five Boroughs #3);Romance;15.97;4
Fifty Shades Darker (Fifty Shades #2);Romance;21.96;1
The Wedding Dress;Romance;24.12;1
Suddenly in Love (Lake Haven #1);Romance;55.99;2
Something More Than This;Romance;16.24;4
Doing It Over (Most Likely To #1);Romance;35.61;3
The Wedding Pact (The O'Malleys #2);Romance;32.61;3
Hold Your Breath (Search and Rescue #1);Romance;28.82;1
Dirty (Dive Bar #1);Romance;40.83;4
Take Me Home Tonight (Rock Star Romance #3);Romance;53.98;3
Off the Hook (Fishing for Trouble #1);Romance;47.67;3
A Gentleman's Position (Society of Gentlemen #3);Romance;14.75;5
Sit, Stay, Love;Romance;20.9;3
A Girl's Guide to Moving On (New Beginnings #2);Romance;31.3;1
The Perfect Play (Play by Play #1);Romance;59.99;3
Dark Lover (Black Dagger Brotherhood #1);Romance;12.87;1
Changing the Game (Play by Play #2);Romance;13.38;3
A Walk to Remember;Romance;56.43;1
The Purest Hook (Second Circle Tattoos #3);Romance;12.25;1
The Obsession;Romance;45.43;1
Reservations for Two;Romance;11.1;3
Best of My Love (Fool's Gold #20);Romance;27.41;2
Where Lightning Strikes (Bleeding Stars #3);Romance;39.77;3
This One Moment (Pushing Limits #1);Romance;48.71;1
Rhythm, Chord & Malykhin;Romance;28.34;2
My Perfect Mistake (Over the Top #1);Romance;38.92;2
Listen to Me (Fusion #1);Romance;58.99;3
Imperfect Harmony;Romance;34.74;4
Fighting Fate (Fighting #6);Romance;39.24;3
Deep Under (Walker Security #1);Romance;47.09;5
Charity's Cross (Charles Towne Belles #4);Romance;41.24;1
Bounty (Colorado Mountain #7);Romance;37.26;4
I Had a Nice Time And Other Lies...: How to find love & sh*t like that;Womens fiction;57.36;4
Will You Won't You Want Me?;Womens fiction;13.86;3
Keep Me Posted;Womens fiction;20.46;4
Grey (Fifty Shades #4);Womens fiction;48.49;4
Meternity;Womens fiction;43.58;3
Some Women;Womens fiction;13.73;5
Shopaholic Ties the Knot (Shopaholic #3);Womens fiction;48.39;5
Can You Keep a Secret?;Womens fiction;21.94;1
Twenties Girl;Womens fiction;42.8;2
The Undomestic Goddess;Womens fiction;45.75;4
The Nanny Diaries (Nanny #1);Womens fiction;52.53;5
The Devil Wears Prada (The Devil Wears Prada #1);Womens fiction;44.29;1
Something Borrowed (Darcy & Rachel #1);Womens fiction;48.96;5
Something Blue (Darcy & Rachel #2);Womens fiction;54.62;1
I've Got Your Number;Womens fiction;19.69;1
The Edge of Reason (Bridget Jones #2);Womens fiction;19.18;4
Bridget Jones's Diary (Bridget Jones #1);Womens fiction;29.82;1
Soumission;Fiction;50.1;1
Private Paris (Private #10);Fiction;47.61;5
We Love You, Charlie Freeman;Fiction;50.27;5
Thirst;Fiction;17.27;5
The Murder That Never Was (Forensic Instincts #5);Fiction;54.11;3
Tuesday Nights in 1980;Fiction;21.04;2
The Vacationers;Fiction;42.15;4
The Regional Office Is Under Attack!;Fiction;51.36;5
Finders Keepers (Bill Hodges Trilogy #2);Fiction;53.53;5
The Time Keeper;Fiction;27.88;5
The Testament of Mary;Fiction;52.67;4
The First Hostage (J.B. Collins #2);Fiction;25.85;3
Take Me with You;Fiction;45.21;3
Still Life with Bread Crumbs;Fiction;26.41;3
Shtum;Fiction;55.84;4
My Name Is Lucy Barton;Fiction;41.56;1
My Mrs. Brown;Fiction;24.48;3
Mr. Mercedes (Bill Hodges Trilogy #1);Fiction;28.9;1
I Am Pilgrim (Pilgrim #1);Fiction;10.6;4
Eligible (The Austen Project #4);Fiction;27.09;3
Eight Hundred Grapes;Fiction;14.39;4
Dear Mr. Knightley;Fiction;11.21;5
Cometh the Hour (The Clifton Chronicles #6);Fiction;25.01;3
Balloon Animals;Fiction;17.03;3
A Man Called Ove;Fiction;39.72;1
The Silent Sister (Riley MacPherson #1);Fiction;46.29;5
The Dinner Party;Fiction;56.54;2
The Improbability of Love;Fiction;59.45;1
Mothering Sunday;Fiction;13.34;2
Lies and Other Acts of Love;Fiction;45.14;1
Daredevils;Fiction;16.34;3
11/22/63;Fiction;48.48;3
The Shack;Fiction;28.03;1
The High Mountains of Portugal;Fiction;51.15;1
Miller's Valley;Fiction;58.54;2
Hystopia: A Novel;Fiction;21.96;4
The Bourne Identity (Jason Bourne #1);Fiction;42.78;4
Sister Dear;Fiction;40.2;4
Memoirs of a Geisha;Fiction;49.67;3
Me Before You (Me Before You #1);Fiction;19.02;1
Deception Point;Fiction;40.32;4
The Little Paris Bookshop;Fiction;24.73;3
The Firm;Fiction;45.56;3
The Expatriates;Fiction;44.58;2
Siddhartha;Fiction;34.22;5
Last One Home (New Beginnings #1);Fiction;59.98;3
Digital Fortress;Fiction;58.0;5
Atlas Shrugged;Fiction;26.58;5
Three-Martini Lunch;Fiction;23.21;3
The Nightingale;Fiction;26.26;4
The Infinities;Fiction;27.41;1
The Husband's Secret;Fiction;52.51;5
The Da Vinci Code (Robert Langdon #2);Fiction;22.96;2
The Art of Fielding;Fiction;22.1;1
Lila (Gilead #3);Fiction;12.47;3
Jurassic Park (Jurassic Park #1);Fiction;44.97;1
Inferno (Robert Langdon #4);Fiction;41.0;5
Crazy Rich Asians (Crazy Rich Asians #1);Fiction;49.13;5
Big Little Lies;Fiction;22.11;1
The Course of Love;Fiction;16.78;3
When I'm Gone;Fiction;51.96;3
The Silent Wife;Fiction;12.34;5
The Bette Davis Club;Fiction;30.66;3
Kitchens of the Great Midwest;Fiction;57.2;5
Bright Lines;Fiction;39.07;5
Birdsong: A Story in Pictures;Childrens;54.64;3
The Bear and the Piano;Childrens;36.89;1
The Secret of Dreadwillow Carse;Childrens;56.13;1
The White Cat and the Monk: A Retelling of the Poem “Pangur Bán”;Childrens;58.08;4
Little Red;Childrens;13.47;3
Walt Disney's Alice in Wonderland;Childrens;12.96;5
Twenty Yawns;Childrens;22.08;2
Rain Fish;Childrens;23.57;3
Once Was a Time;Childrens;18.28;2
Luis Paints the World;Childrens;53.95;3
Nap-a-Roo;Childrens;25.08;1
The Whale;Childrens;35.96;4
Shrunken Treasures: Literary Classics, Short, Sweet, and Silly;Childrens;52.87;3
Raymie Nightingale;Childrens;34.41;2
Playing from the Heart;Childrens;32.38;1
Maybe Something Beautiful: How Art Transformed a Neighborhood;Childrens;22.54;1
The Wild Robot;Childrens;56.07;3
The Thing About Jellyfish;Childrens;48.77;1
The Lonely Ones;Childrens;43.59;5
The Day the Crayons Came Home (Crayons);Childrens;26.33;5
The Cat in the Hat (Beginner Books B-1);Childrens;16.26;2
Red: The True Story of Red Riding Hood;Childrens;28.54;3
Horrible Bear!;Childrens;37.52;2
Green Eggs and Ham (Beginner Books B-16);Childrens;10.79;4
Counting Thyme;Childrens;10.62;1
Are We There Yet?;Childrens;10.66;3
Diary of a Minecraft Zombie Book 1: A Scare of a Dare (An Unofficial Minecraft Book);Childrens;52.88;4
Matilda;Childrens;28.34;1
Charlie and the Chocolate Factory (Charlie Bucket #1);Childrens;22.85;3
Don't Be a Jerk: And Other Practical Advice from Dogen, Japan's Greatest Zen Master;Religion;37.97;2
You Are What You Love: The Spiritual Power of Habit;Religion;21.87;4
God: The Most Unpleasant Character in All Fiction;Religion;30.03;5
The Book of Mormon;Religion;24.57;3
A History of God: The 4,000-Year Quest of Judaism, Christianity, and Islam;Religion;27.62;1
The Bhagavad Gita;Religion;57.49;3
Choosing Our Religion: The Spiritual Lives of America's Nones;Religion;28.42;4
Worlds Elsewhere: Journeys Around Shakespeare’s Globe;Nonfiction;40.3;5
The Five Love Languages: How to Express Heartfelt Commitment to Your Mate;Nonfiction;31.05;3
Reasons to Stay Alive;Nonfiction;26.41;2
#HigherSelfie: Wake Up Your Life. Free Your Soul. Find Your Tribe.;Nonfiction;23.11;5
Unseen City: The Majesty of Pigeons, the Discreet Charm of Snails & Other Wonders of the Urban Wilderness;Nonfiction;44.18;4
Throwing Rocks at the Google Bus: How Growth Became the Enemy of Prosperity;Nonfiction;31.12;3
The Life-Changing Magic of Tidying Up: The Japanese Art of Decluttering and Organizing;Nonfiction;16.77;3
The Gutsy Girl: Escapades for Your Life of Epic Adventure;Nonfiction;37.13;1
The Electric Pencil: Drawings from Inside State Hospital No. 3;Nonfiction;56.06;1
Spark Joy: An Illustrated Master Class on the Art of Organizing and Tidying Up;Nonfiction;41.83;4
Reskilling America: Learning to Labor in the Twenty-First Century;Nonfiction;19.83;2
In the Country We Love: My Family Divided;Nonfiction;22.0;4
Everydata: The Misinformation Hidden in the Little Data You Consume Every Day;Nonfiction;54.35;2
Call the Nurse: True Stories of a Country Nurse on a Scottish Isle;Nonfiction;29.14;5
Algorithms to Live By: The Computer Science of Human Decisions;Nonfiction;30.81;1
The Power of Now: A Guide to Spiritual Enlightenment;Nonfiction;43.54;2
The Omnivore's Dilemma: A Natural History of Four Meals;Nonfiction;38.21;2
The Genius of Birds;Nonfiction;17.24;1
The Artist's Way: A Spiritual Path to Higher Creativity;Nonfiction;38.49;5
So You've Been Publicly Shamed;Nonfiction;12.23;2
Daring Greatly: How the Courage to Be Vulnerable Transforms the Way We Live, Love, Parent, and Lead;Nonfiction;19.43;3
Big Magic: Creative Living Beyond Fear;Nonfiction;30.8;3
Becoming Wise: An Inquiry into the Mystery and Art of Living;Nonfiction;27.43;2
Agnostic: A Spirited Manifesto;Nonfiction;12.51;5
Whole Lotta Creativity Going On: 60 Fun and Unusual Exercises to Awaken and Strengthen Your Creativity;Nonfiction;38.2;4
What's It Like in Space?: Stories from Astronauts Who've Been There;Nonfiction;19.6;2
The Year of Magical Thinking;Nonfiction;43.04;2
The Literature Book (Big Ideas Simply Explained);Nonfiction;17.43;3
The Bad-Ass Librarians of Timbuktu: And Their Race to Save the World’s Most Precious Manuscripts;Nonfiction;15.77;1
Swell: A Year of Waves;Nonfiction;45.58;1
No Dream Is Too High: Life Lessons From a Man Who Walked on the Moon;Nonfiction;21.95;2
Looking for Lovely: Collecting the Moments that Matter;Nonfiction;29.14;5
Let It Out: A Journey Through Journaling;Nonfiction;26.79;5
Hamilton: The Revolution;Nonfiction;58.79;3
Far & Away: Places on the Brink of Change: Seven Continents, Twenty-Five Years;Nonfiction;15.06;4
Eaternity: More than 150 Deliciously Easy Vegan Recipes for a Long, Healthy, Satisfied, Joyful Life;Nonfiction;51.75;5
Buying In: The Secret Dialogue Between What We Buy and Who We Are;Nonfiction;37.8;4
Brain on Fire: My Month of Madness;Nonfiction;49.32;5
Abstract City;Nonfiction;56.37;5
13 Hours: The Inside Account of What Really Happened In Benghazi;Nonfiction;27.06;1
The Lonely City: Adventures in the Art of Being Alone;Nonfiction;33.26;2
The Diary of a Young Girl;Nonfiction;59.9;3
Snatched: How A Drug Queen Went Undercover for the DEA and Was Kidnapped By Colombian Guerillas;Nonfiction;21.21;3
Furiously Happy: A Funny Book About Horrible Things;Nonfiction;41.46;4
The Sleep Revolution: Transforming Your Life, One Night at a Time;Nonfiction;11.68;4
Mother, Can You Not?;Nonfiction;16.89;5
A Mother's Reckoning: Living in the Aftermath of Tragedy;Nonfiction;19.53;3
10% Happier: How I Tamed the Voice in My Head, Reduced Stress Without Losing My Edge, and Found Self-Help That Actually Works;Nonfiction;24.57;2
Chernobyl 01:23:40: The Incredible True Story of the World's Worst Nuclear Disaster;Nonfiction;35.92;2
Zero to One: Notes on Startups, or How to Build the Future;Nonfiction;34.06;3
Why Not Me?;Nonfiction;17.76;1
When Breath Becomes Air;Nonfiction;39.36;2
The Midnight Assassin: Panic, Scandal, and the Hunt for America's First Serial Killer;Nonfiction;28.45;4
Smarter Faster Better: The Secrets of Being Productive in Life and Business;Nonfiction;38.89;5
Rising Strong;Nonfiction;21.82;3
Man's Search for Meaning;Nonfiction;29.48;3
Love That Boy: What Two Presidents, Eight Road Trips, and My Son Taught Me About a Parent's Expectations;Nonfiction;25.06;2
Living Forward: A Proven Plan to Stop Drifting and Get the Life You Want;Nonfiction;12.55;3
I Will Find You;Nonfiction;44.21;1
Brazen: The Courage to Find the You That's Been Hiding;Nonfiction;19.22;2
Between the World and Me;Nonfiction;56.91;4
Being Mortal: Medicine and What Matters in the End;Nonfiction;55.06;4
A Murder Over a Girl: Justice, Gender, Junior High;Nonfiction;13.2;3
For the Love: Fighting for Grace in a World of Impossible Standards;Nonfiction;45.13;3
Finding God in the Ruins: How God Redeems Pain;Nonfiction;46.64;2
The Man Who Mistook His Wife for a Hat and Other Clinical Tales;Nonfiction;59.45;4
In Cold Blood;Nonfiction;49.98;4
Girl, Interrupted;Nonfiction;42.14;3
Why Save the Bankers?: And Other Essays on Our Economic and Political Crisis;Nonfiction;48.67;2
Talking to Girls About Duran Duran: One Young Man's Quest for True Love and a Cooler Haircut;Nonfiction;25.15;4
My Mother Was Nuts;Nonfiction;31.63;4
Data, A Love Story: How I Gamed Online Dating to Meet My Match;Nonfiction;32.35;3
The Jazz of Physics: The Secret Link Between Music and the Structure of the Universe;Nonfiction;38.71;3
The Gunning of America: Business and the Making of American Gun Culture;Nonfiction;16.81;4
The Geography of Bliss: One Grump's Search for the Happiest Places in the World;Nonfiction;28.23;2
God Is Not Great: How Religion Poisons Everything;Nonfiction;27.8;1
We the People: The Modern-Day Figures Who Have Reshaped and Affirmed the Founding Fathers' Vision of America;Nonfiction;31.95;3
Very Good Lives: The Fringe Benefits of Failure and the Importance of Imagination;Nonfiction;50.66;3
Unstuffed: Decluttering Your Home, Mind, and Soul;Nonfiction;58.09;1
Under the Banner of Heaven: A Story of Violent Faith;Nonfiction;30.0;1
Trespassing Across America: One Man's Epic, Never-Done-Before (and Sort of Illegal) Hike Across the Heartland;Nonfiction;53.51;1
The Name of God is Mercy;Nonfiction;37.25;2
Stiff: The Curious Lives of Human Cadavers;Nonfiction;36.74;3
Spilled Milk: Based on a True Story;Nonfiction;49.51;1
Rise of the Rocket Girls: The Women Who Propelled Us, from Missiles to the Moon to Mars;Nonfiction;41.67;4
Outliers: The Story of Success;Nonfiction;14.16;1
Notes from a Small Island (Notes From a Small Island #1);Nonfiction;40.17;1
Night (The Night Trilogy #1);Nonfiction;13.51;1
Miracles from Heaven: A Little Girl, Her Journey to Heaven, and Her Amazing Story of Healing;Nonfiction;57.83;1
Letter to a Christian Nation;Nonfiction;22.2;1
Let's Pretend This Never Happened: A Mostly True Memoir;Nonfiction;45.11;1
It's Never Too Late to Begin Again: Discovering Creativity and Meaning at Midlife and Beyond;Nonfiction;42.38;1
Into the Wild;Nonfiction;56.7;5
In the Garden of Beasts: Love, Terror, and an American Family in Hitler's Berlin;Nonfiction;28.85;3
I Am Malala: The Girl Who Stood Up for Education and Was Shot by the Taliban;Nonfiction;28.88;2
Gratitude;Nonfiction;26.66;5
Disrupted: My Misadventure in the Start-Up Bubble;Nonfiction;15.28;5
Brave Enough;Nonfiction;51.32;5
Born to Run: A Hidden Tribe, Superathletes, and the Greatest Race the World Has Never Seen;Nonfiction;27.35;2
Blink: The Power of Thinking Without Thinking;Nonfiction;21.74;5
Black Flags: The Rise of ISIS;Nonfiction;40.87;1
Are We Smart Enough to Know How Smart Animals Are?;Nonfiction;56.58;1
A Walk in the Woods: Rediscovering America on the Appalachian Trail;Nonfiction;30.48;4
The Suffragettes (Little Black Classics, #96);Nonfiction;11.89;2
Kindle Paperwhite User's Guide;Nonfiction;34.0;3
H is for Hawk;Nonfiction;57.42;5
Travels with Charley: In Search of America;Nonfiction;57.82;5
The Tumor;Nonfiction;41.56;5
The End of the Jesus Era (An Investigation #1);Nonfiction;14.4;1
Eat, Pray, Love;Nonfiction;51.32;3
Rip it Up and Start Again;Music;35.02;5
Our Band Could Be Your Life: Scenes from the American Indie Underground, 1981-1991;Music;57.25;3
How Music Works;Music;37.32;2
Love Is a Mix Tape (Music #1);Music;18.03;1
Please Kill Me: The Uncensored Oral History of Punk;Music;31.19;4
Kill 'Em and Leave: Searching for James Brown and the American Soul;Music;45.05;5
Chronicles, Vol. 1;Music;52.6;2
This Is Your Brain on Music: The Science of a Human Obsession;Music;38.4;1
Orchestra of Exiles: The Story of Bronislaw Huberman, the Israel Philharmonic, and the One Thousand Jews He Saved from Nazi Horrors;Music;12.36;3
No One Here Gets Out Alive;Music;20.02;5
Life;Music;31.58;5
Old Records Never Die: One Man's Quest for His Vinyl and His Past;Music;55.66;2
Forever Rockers (The Rocker #12);Music;28.8;3
The Coming Woman: A Novel Based on the Life of the Infamous Feminist, Victoria Woodhull;Default;17.93;3
The Boys in the Boat: Nine Americans and Their Epic Quest for Gold at the 1936 Berlin Olympics;Default;22.6;4
Starving Hearts (Triangular Trade Trilogy, #1);Default;13.99;2
America's Cradle of Quarterbacks: Western Pennsylvania's Football Factory from Johnny Unitas to Joe Montana;Default;22.5;3
Aladdin and His Wonderful Lamp;Default;53.13;3
Penny Maybe;Default;33.29;3
Maude (1883-1993):She Grew Up with the country;Default;18.02;2
The Inefficiency Assassin: Time Management Tactics for Working Smarter, Not Longer;Default;20.59;5
Soul Reader;Default;39.58;2
Bossypants;Default;49.46;2
A World of Flavor: Your Gluten Free Passport;Default;42.95;1
A Piece of Sky, a Grain of Rice: A Memoir in Four Meditations;Default;56.76;5
Tracing Numbers on a Train;Default;41.6;3
Thirteen Reasons Why;Default;52.72;1
The Secret (The Secret #1);Default;27.37;4
The Psychopath Test: A Journey Through the Madness Industry;Default;36.0;2
The Kite Runner;Default;41.82;4
The Girl on the Train;Default;55.02;2
The Emerald Mystery;Default;23.15;2
The Bridge to Consciousness: I'm Writing the Bridge Between Science and Our Old and New Beliefs.;Default;32.0;3
The Art of War;Default;33.34;5
Secrets and Lace (Fatal Hearts #1);Default;20.27;1
Romero and Juliet: A Tragic Tale of Love and Zombies;Default;36.94;1
Poses for Artists Volume 1 - Dynamic and Sitting Poses: An Essential Reference for Figure Drawing and the Human Form;Default;41.06;1
Miss Peregrine’s Home for Peculiar Children (Miss Peregrine’s Peculiar Children #1);Default;10.76;1
Large Print Heart of the Pride;Default;19.15;2
Grumbles;Default;22.16;2
First Steps for New Christians (Print Edition);Default;29.0;1
Eureka Trivia 6.0;Default;54.59;4
Drive: The Surprising Truth About What Motivates Us;Default;34.95;4
Done Rubbed Out (Reightman & Bailey #1);Default;37.72;5
Beauty Restored (Riley Family Legacy Novellas #3);Default;11.11;2
Ayumi's Violin;Default;15.48;2
Anonymous;Default;46.82;4
Amy Meets the Saints and Sages;Default;18.46;3
Amatus;Default;50.54;5
V for Vendetta (V for Vendetta Complete);Default;37.1;4
Unbroken: A World War II Story of Survival, Resilience, and Redemption;Default;45.95;2
The Wright Brothers;Default;56.8;4
The Songs of the Gods;Default;44.48;5
The Rosie Project (Don Tillman #1);Default;54.04;1
The Power of Habit: Why We Do What We Do in Life and Business;Default;16.88;3
Steve Jobs;Default;39.5;5
Luckiest Girl Alive;Default;49.83;3
Living Leadership by Insight: A Good Leader Achieves, a Great Leader Builds Monuments;Default;46.91;4
Lady Midnight (The Dark Artifices #1);Default;16.28;5
Hush, Hush (Hush, Hush #1);Default;47.02;3
Greek Mythic History;Default;10.23;5
Every Last Word;Default;46.47;3
Daily Fantasy Sports;Default;36.58;1
Clockwork Angel (The Infernal Devices #1);Default;44.14;1
City of Fallen Angels (The Mortal Instruments #4);Default;11.23;4
City of Bones (The Mortal Instruments #1);Default;43.28;1
City of Ashes (The Mortal Instruments #2);Default;47.27;1
Carry On, Warrior: Thoughts on Life Unarmed;Default;31.85;3
Carrie;Default;46.23;2
Angels & Demons (Robert Langdon #1);Default;51.48;3
The Three Searches, Meaning, and the Story;Default;13.33;3
Raspberry Pi Electronics Projects for the Evil Genius;Default;49.67;4
How to Speak Golf: An Illustrated Guide to Links Lingo;Default;58.32;5
Eleanor & Park;Default;56.51;5
Troublemaker: Surviving Hollywood and Scientology;Default;48.39;2
Adultery;Default;20.88;5
Unlimited Intuition Now;Default;58.87;4
Underlying Notes;Default;11.82;2
The New Brand You: Your New Image Makes the Sale for You;Default;44.05;5
The Flowers Lied;Default;16.68;2
NaNo What Now? Finding your editing process, revising your NaNoWriMo book and building a writing career through publishing and beyond;Default;10.41;4
Modern Day Fables;Default;47.44;2
The Unlikely Pilgrimage of Harold Fry (Harold Fry #1);Default;43.62;5
The Martian (The Martian #1);Default;41.39;2
Left Behind (Left Behind #1);Default;40.72;2
John Vassos: Industrial Design for Modern Life;Default;20.22;4
I'll Give You the Sun;Default;56.48;1
Heaven is for Real: A Little Boy's Astounding Story of His Trip to Heaven and Back;Default;52.86;2
Ender's Game (The Ender Quintet #1);Default;43.64;1
Death by Leisure: A Cautionary Tale;Default;37.51;4
Wildlife of New York: A Five-Borough Coloring Book;Default;22.14;2
The Year of Living Biblically: One Man's Humble Quest to Follow the Bible as Literally as Possible;Default;34.72;1
The Great Gatsby;Default;36.05;4
The Good Girl;Default;49.03;3
The 7 Habits of Highly Effective People: Powerful Lessons in Personal Change;Default;33.17;4
Steal Like an Artist: 10 Things Nobody Told You About Being Creative;Default;20.9;2
Life of Pi;Default;13.22;4
The Sound Of Love;Default;57.84;5
The Perks of Being a Wallflower;Default;55.02;3
The Makings of a Fatherless Child;Default;31.58;2
The Hobbit (Middle-Earth Universe);Default;17.8;5
The Fellowship of the Ring (The Lord of the Rings #1);Default;10.27;2
Ship Leaves Harbor: Essays on Travel by a Recovering Journeyman;Default;30.6;3
Musicophilia: Tales of Music and the Brain;Default;46.58;1
What If?: Serious Scientific Answers to Absurd Hypothetical Questions;Default;53.68;4
The Fault in Our Stars;Default;47.22;1
The Dream Thieves (The Raven Cycle #2);Default;34.5;1
The 5th Wave (The 5th Wave #1);Default;11.83;2
Shiver (The Wolves of Mercy Falls #1);Default;16.23;5
Remember Me?;Default;11.48;3
If I Stay (If I Stay #1);Default;38.13;5
I Know Why the Caged Bird Sings (Maya Angelou's Autobiography #1);Default;36.55;2
Harry Potter and the Deathly Hallows (Harry Potter #7);Default;23.32;1
Fool Me Once;Default;16.96;1
Drama;Default;38.7;2
Blue Lily, Lily Blue (The Raven Cycle #3);Default;34.13;5
Alight (The Generations Trilogy #2);Default;58.59;4
Vogue Colors A to Z: A Fashion Coloring Book;Default;52.35;4
The Shining (The Shining #1);Default;27.88;3
The Hunger Games (The Hunger Games #1);Default;29.85;5
Outlander (Outlander #1);Default;19.67;5
Mockingjay (The Hunger Games #3);Default;20.44;4
Harry Potter and the Sorcerer's Stone (Harry Potter #1);Default;13.9;3
Confessions of a Shopaholic (Shopaholic #1);Default;48.94;2
Zero History (Blue Ant #3);Default;34.77;1
World War Z: An Oral History of the Zombie War;Default;21.8;1
Wild: From Lost to Found on the Pacific Crest Trail;Default;46.02;3
Where'd You Go, Bernadette;Default;18.13;1
Twilight (Twilight #1);Default;41.93;2
The Paris Wife;Default;36.8;3
The Maze Runner (The Maze Runner #1);Default;20.93;1
The Lover's Dictionary;Default;58.09;2
The Goldfinch;Default;43.58;3
The Giver (The Giver Quartet #1);Default;12.3;1
The Girl Who Played with Fire (Millennium Trilogy #2);Default;22.14;2
The Demon-Haunted World: Science as a Candle in the Dark;Default;52.25;4
The Book Thief;Default;53.49;2
The Autobiography of Malcolm X;Default;23.43;2
Shopaholic & Baby (Shopaholic #5);Default;46.45;2
Quiet: The Power of Introverts in a World That Can't Stop Talking;Default;43.55;1
Packing for Mars: The Curious Science of Life in the Void;Default;56.68;2
Orange Is the New Black;Default;24.61;2
One for the Money (Stephanie Plum #1);Default;32.87;2
Morning Star (Red Rising #3);Default;29.4;1
Life After Life;Default;26.13;2
Lean In: Women, Work, and the Will to Lead;Default;25.02;1
Is Everyone Hanging Out Without Me? (And Other Concerns);Default;20.11;3
Gone Girl;Default;37.6;5
Fellside;Default;38.62;1
Eclipse (Twilight #3);Default;18.74;1
Dracula;Default;52.62;3
Dead Wake: The Last Crossing of the Lusitania;Default;39.24;5
David and Goliath: Underdogs, Misfits, and the Art of Battling Giants;Default;17.81;1
Dark Places;Default;23.9;5
Breaking Dawn (Twilight #4);Default;35.28;5
Beautiful Creatures (Caster Chronicles #1);Default;21.55;5
A Visit from the Goon Squad;Default;14.08;5
The Zombie Room;Default;19.69;5
The Name of the Wind (The Kingkiller Chronicle #1);Default;50.59;3
Taking Shots (Assassins #1);Default;18.88;2
Shatter Me (Shatter Me #1);Default;42.4;1
Paradise Lost (Paradise #1);Default;24.96;1
On the Road (Duluoz Legend);Default;32.36;3
Jane Eyre;Default;38.43;5
Frankenstein;Default;38.0;2
Mesaerion: The Best Science Fiction Stories 1800-1849;Science fiction;37.59;1
Join;Science fiction;35.67;5
William Shakespeare's Star Wars: Verily, A New Hope (William Shakespeare's Star Wars #4);Science fiction;43.3;4
The Project;Science fiction;10.65;1
Soft Apocalypse;Science fiction;26.12;2
Sleeping Giants (Themis Files #1);Science fiction;48.74;1
Arena;Science fiction;21.36;4
Foundation (Foundation (Publication Order) #1);Science fiction;32.42;1
The Restaurant at the End of the Universe (Hitchhiker's Guide to the Galaxy #2);Science fiction;10.92;1
Ready Player One;Science fiction;19.07;4
Life, the Universe and Everything (Hitchhiker's Guide to the Galaxy #3);Science fiction;33.26;2
Dune (Dune #1);Science fiction;54.86;1
Do Androids Dream of Electric Sheep? (Blade Runner #1);Science fiction;51.48;1
Three Wishes (River of Time: California #1);Science fiction;44.18;2
The Last Girl (The Dominion Trilogy #1);Science fiction;36.26;2
Having the Barbarian's Baby (Ice Planet Barbarians #7.5);Science fiction;34.96;4
The Book of Basketball: The NBA According to The Sports Guy;Sports and games;44.84;5
Friday Night Lights: A Town, a Team, and a Dream;Sports and games;51.22;3
Sugar Rush (Offensive Line #2);Sports and games;24.42;1
Settling the Score (The Summer Games #1);Sports and games;44.91;2
Icing (Aces Hockey #2);Sports and games;40.44;4
The Torch Is Passed: A Harding Family Story;Add a comment;19.09;1
The Mindfulness and Acceptance Workbook for Anxiety: A Guide to Breaking Free from Anxiety, Phobias, and Worry Using Acceptance and Commitment Therapy;Add a comment;23.89;4
The Art Forger;Add a comment;40.76;3
On a Midnight Clear;Add a comment;14.07;3
Judo: Seven Steps to Black Belt (an Introductory Guide for Beginners);Add a comment;53.9;2
Shobu Samurai, Project Aryoku (#3);Add a comment;29.06;3
Modern Romance;Add a comment;28.26;5
The White Queen (The Cousins' War #1);Add a comment;25.91;5
The Song of Achilles;Add a comment;37.4;5
The Immortal Life of Henrietta Lacks;Add a comment;40.67;2
The Dovekeepers;Add a comment;48.78;1
More Than Music (Chasing the Dream #1);Add a comment;37.61;2
Code Name Verity (Code Name Verity #1);Add a comment;22.13;4
Cell;Add a comment;20.29;4
Angels Walking (Angels Walking #1);Add a comment;34.2;2
A Series of Catastrophes and Miracles: A True Story of Love, Science, and Cancer;Add a comment;56.48;2
A People's History of the United States;Add a comment;40.79;2
A Brush of Wings (Angels Walking #3);Add a comment;55.51;1
Rook;Add a comment;37.86;4
The Midnight Watch: A Novel of the Titanic and the Californian;Add a comment;26.2;1
The Gray Rhino: How to Recognize and Act on the Obvious Dangers We Ignore;Add a comment;59.15;4
The Children;Add a comment;11.88;3
One with You (Crossfire #5);Add a comment;15.71;4
Without Shame;Add a comment;48.27;5
Watchmen;Add a comment;58.05;4
A Hero's Curse (The Unseen Chronicles #1);Add a comment;50.49;3
23 Degrees South: A Tropical Tale of Changing Whether...;Add a comment;35.79;2
The Glass Castle;Add a comment;16.24;1
The Drowning Girls;Add a comment;35.67;3
Team of Rivals: The Political Genius of Abraham Lincoln;Add a comment;20.12;5
John Adams;Add a comment;57.43;4
Good in Bed (Cannie Shapiro #1);Add a comment;37.05;5
The Joy of Cooking;Add a comment;43.27;4
The Golden Compass (His Dark Materials #1);Add a comment;18.77;1
The God Delusion;Add a comment;46.85;3
Pride and Prejudice;Add a comment;19.27;4
Mere Christianity;Add a comment;48.51;3
Fun Home: A Family Tragicomic;Add a comment;56.59;4
The Raven King (The Raven Cycle #4);Add a comment;30.57;2
Find Her (Detective D.D. Warren #8);Add a comment;22.37;1
Evicted: Poverty and Profit in the American City;Add a comment;42.27;1
A Game of Thrones (A Song of Ice and Fire #1);Add a comment;46.42;2
A Clash of Kings (A Song of Ice and Fire #2);Add a comment;10.79;3
The Tipping Point: How Little Things Can Make a Big Difference;Add a comment;10.02;2
The Rest Is Noise: Listening to the Twentieth Century;Add a comment;34.77;1
The Purpose Driven Life: What on Earth Am I Here for?;Add a comment;37.19;3
The Hitchhiker's Guide to the Galaxy (Hitchhiker's Guide to the Galaxy #1);Add a comment;47.8;3
The Girl Who Kicked the Hornet's Nest (Millennium Trilogy #3);Add a comment;57.48;1
The End of Faith: Religion, Terror, and the Future of Reason;Add a comment;22.13;4
The Complete Poems;Add a comment;41.32;5
The Catcher in the Rye;Add a comment;24.55;1
The Case for Christ (Cases for Christianity);Add a comment;47.84;1
The Blind Side: Evolution of a Game;Add a comment;53.71;5
Seven Days in the Art World;Add a comment;52.33;2
Sarah's Key;Add a comment;46.29;1
Rogue Lawyer (Rogue Lawyer #1);Add a comment;50.11;3
Manuscript Found in Accra;Add a comment;34.98;2
Fire Bound (Sea Haven/Sisters of the Heart #5);Add a comment;21.28;4
Cosmos;Add a comment;36.17;2
#GIRLBOSS;Add a comment;50.96;1
The Sense of an Ending;Add a comment;31.38;3
The Republic;Add a comment;33.78;3
The Odyssey;Add a comment;29.64;3
The Light of the Fireflies;Add a comment;54.43;1
The Iliad;Add a comment;16.16;1
The Communist Manifesto;Add a comment;14.76;3
Lord of the Flies;Add a comment;24.89;3
Unicorn Tracks;Fantasy;18.78;3
Saga, Volume 6 (Saga (Collected Editions) #6);Fantasy;25.02;3
Princess Between Worlds (Wide-Awake Princess #5);Fantasy;13.34;5
Masks and Shadows;Fantasy;56.4;2
Crown of Midnight (Throne of Glass #2);Fantasy;43.29;3
Avatar: The Last Airbender: Smoke and Shadow, Part 3 (Smoke and Shadow #3);Fantasy;28.09;2
A Court of Thorns and Roses (A Court of Thorns and Roses #1);Fantasy;52.37;1
Throne of Glass (Throne of Glass #1);Fantasy;35.07;3
The Glittering Court (The Glittering Court #1);Fantasy;44.28;1
Hollow City (Miss Peregrine’s Peculiar Children #2);Fantasy;42.98;1
The Star-Touched Queen;Fantasy;46.02;5
The Hidden Oracle (The Trials of Apollo #1);Fantasy;52.26;2
The Bane Chronicles (The Bane Chronicles #1-11);Fantasy;44.73;4
Island of Dragons (Unwanteds #7);Fantasy;29.65;1
Demigods & Magicians: Percy and Annabeth Meet the Kanes (Percy Jackson & Kane Chronicles Crossover #1-3);Fantasy;37.51;5
City of Glass (The Mortal Instruments #3);Fantasy;56.02;4
Searching for Meaning in Gailana;Fantasy;38.73;1
The Star-Touched Queen;Fantasy;32.3;5
A Shard of Ice (The Black Symphony Saga #1);Fantasy;56.63;3
King's Folly (The Kinsman Chronicles #1);Fantasy;39.61;5
Every Heart a Doorway (Every Heart A Doorway #1);Fantasy;12.16;5
A Gathering of Shadows (Shades of Magic #2);Fantasy;44.81;4
The Raven Boys (The Raven Cycle #1);Fantasy;57.74;4
The False Prince (The Ascendance Trilogy #1);Fantasy;56.0;5
Tell the Wind and Fire;Fantasy;45.51;3
A Feast for Crows (A Song of Ice and Fire #4);Fantasy;17.21;4
The Demonists (Demonist #1);Fantasy;52.11;2
The Beast (Black Dagger Brotherhood #14);Fantasy;46.08;5
Paper and Fire (The Great Library #2);Fantasy;49.45;5
Harry Potter and the Order of the Phoenix (Harry Potter #5);Fantasy;31.63;4
Harry Potter and the Half-Blood Prince (Harry Potter #6);Fantasy;48.75;5
Harry Potter and the Chamber of Secrets (Harry Potter #2);Fantasy;14.74;1
The Rose & the Dagger (The Wrath and the Dawn #2);Fantasy;58.64;4
Soldier (Talon #3);Fantasy;24.72;2
Midnight Riot (Peter Grant/ Rivers of London - books #1);Fantasy;55.46;2
Heir to the Sky;Fantasy;44.07;4
Eragon (The Inheritance Cycle #1);Fantasy;43.87;3
Darkfever (Fever #1);Fantasy;56.02;1
Ash;Fantasy;22.06;4
A Storm of Swords (A Song of Ice and Fire #3);Fantasy;31.22;2
Vampire Girl (Vampire Girl #1);Fantasy;53.82;2
The Silent Twin (Detective Jennifer Knight #3);Fantasy;36.25;3
The Mirror & the Maze (The Wrath and the Dawn #1.5);Fantasy;29.38;1
Sister Sable (The Mad Queen #1);Fantasy;13.33;3
Shadow Rites (Jane Yellowrock #10);Fantasy;21.72;4
Origins (Alphas 0.5);Fantasy;28.99;1
One Second (Seven #7);Fantasy;52.94;2
Myriad (Prentor #1);Fantasy;58.75;4
Without Borders (Wanderlove #1);New adult;45.07;2
The Mistake (Off-Campus #2);New adult;43.29;3
The Matchmaker's Playbook (Wingmen Inc. #1);New adult;55.85;1
The Hook Up (Game On #1);New adult;36.29;5
Shameless;New adult;58.35;3
Off Sides (Off #1);New adult;39.45;5
The Requiem Red;Young adult;22.65;1
Set Me Free;Young adult;17.46;5
The Natural History of Us (The Fine Art of Pretending #2);Young adult;45.22;3
Obsidian (Lux #1);Young adult;14.86;2
Burning;Young adult;28.81;3
A Fierce and Subtle Poison;Young adult;28.13;4
Scarlett Epstein Hates It Here;Young adult;43.55;5
Nightingale, Sing;Young adult;38.28;1
Library of Souls (Miss Peregrine’s Peculiar Children #3);Young adult;48.56;5
Frostbite (Vampire Academy #2);Young adult;29.99;5
Wild Swans;Young adult;14.36;2
Until Friday Night (The Field Party #1);Young adult;46.31;2
This Is Where It Ends;Young adult;27.12;2
The Darkest Lie;Young adult;35.35;5
My Kind of Crazy;Young adult;40.36;1
Don't Get Caught;Young adult;55.35;1
Catching Jordan (Hundred Oaks);Young adult;50.83;3
Aristotle and Dante Discover the Secrets of the Universe (Aristotle and Dante Discover the Secrets of the Universe #1);Young adult;58.14;4
The Epidemic (The Program 0.6);Young adult;14.44;5
Stars Above (The Lunar Chronicles #4.5);Young adult;48.05;2
No Love Allowed (Dodge Cove #1);Young adult;54.65;4
Exit, Pursued by a Bear;Young adult;51.34;4
The Alien Club;Young adult;54.4;1
Don't Forget Steven;Young adult;33.23;1
South of Sunshine;Young adult;28.93;1
My Life Next Door (My Life Next Door );Young adult;36.39;5
Future Shock (Future Shock #1);Young adult;55.65;5
Nightstruck: A Novel;Young adult;50.35;4
Tell the Wolves I'm Home;Young adult;50.96;2
Will Grayson, Will Grayson (Will Grayson, Will Grayson);Young adult;47.31;4
Where She Went (If I Stay #2);Young adult;41.73;4
Two Summers;Young adult;14.64;1
The Darkest Corners;Young adult;11.33;5
Tell Me Three Things;Young adult;41.81;1
Lola and the Boy Next Door (Anna and the French Kiss #2);Young adult;23.63;4
Kill the Boy Band;Young adult;15.52;5
Isla and the Happily Ever After (Anna and the French Kiss #3);Young adult;48.13;5
An Abundance of Katherines;Young adult;10.0;5
Harry Potter and the Prisoner of Azkaban (Harry Potter #3);Young adult;24.17;4
Walk the Edge (Thunder Road #2);Young adult;32.36;3
Two Boys Kissing;Young adult;32.74;2
The New Guy (and Other Senior Year Distractions);Young adult;44.92;3
The Land of 10,000 Madonnas;Young adult;29.64;4
Scarlet (The Lunar Chronicles #2);Young adult;14.57;4
Legend (Legend #1);Young adult;43.69;4
Lady Renegades (Rebel Belle #3);Young adult;53.04;5
Golden (Heart of Dread #3);Young adult;42.21;4
Cinder (The Lunar Chronicles #1);Young adult;26.09;1
Boy Meets Boy;Young adult;21.12;3
Annie on My Mind;Young adult;36.83;5
New Moon (Twilight #2);Young adult;12.86;4
Girl Online On Tour (Girl Online #2);Young adult;53.47;1
The Haters;Young adult;27.89;5
The Art of Not Breathing;Young adult;40.83;4
The Most Perfect Thing: Inside (and Outside) a Bird's Egg;Science;42.96;4
Immunity: How Elie Metchnikoff Changed the Course of Modern Medicine;Science;57.36;5
Sorting the Beef from the Bull: The Science of Food Fraud Forensics;Science;44.74;4
Tipping Point for Planet Earth: How Close Are We to the Edge?;Science;37.55;1
The Fabric of the Cosmos: Space, Time, and the Texture of Reality;Science;55.91;1
Diary of a Citizen Scientist: Chasing Tiger Beetles and Other New Ways of Engaging the World;Science;28.41;1
The Origin of Species;Science;10.01;4
The Grand Design;Science;13.76;3
Peak: Secrets from the New Science of Expertise;Science;16.28;2
The Elegant Universe: Superstrings, Hidden Dimensions, and the Quest for the Ultimate Theory;Science;13.03;4
The Disappearing Spoon: And Other True Tales of Madness, Love, and the History of the World from the Periodic Table of the Elements;Science;57.35;5
Surely You're Joking, Mr. Feynman!: Adventures of a Curious Character;Science;25.83;2
Seven Brief Lessons on Physics;Science;30.6;4
The Selfish Gene;Science;29.45;1
A Light in the Attic;Poetry;51.77;3
The Black Maria;Poetry;52.15;1
Shakespeare's Sonnets;Poetry;20.66;4
Olio;Poetry;23.88;1
You can't bury them all: Poems;Poetry;33.63;2
Slow States of Collapse: Poems;Poetry;57.31;3
Untitled Collection: Sabbath Poems 2014;Poetry;14.27;4
Poems That Make Grown Women Cry;Poetry;14.19;4
Night Sky with Exit Wounds;Poetry;41.05;1
salt.;Poetry;46.78;4
Quarter Life Poetry: Poems for the Young, Broke and Hangry;Poetry;50.89;5
Out of Print: City Lights Spotlight No. 14;Poetry;53.64;5
Les Fleurs du Mal;Poetry;29.04;5
Howl and Other Poems;Poetry;40.45;2
Leave This Song Behind: Teen Poetry at Its Best;Poetry;51.17;5
The Collected Poems of W.B. Yeats (The Collected Works of W.B. Yeats #1);Poetry;15.42;5
The Crossover;Poetry;38.77;4
Booked;Poetry;17.49;5
Twenty Love Poems and a Song of Despair;Poetry;30.95;4
Vampire Knight, Vol. 1 (Vampire Knight #1);Paranormal;15.4;1
Wall and Piece;Art;44.18;4
Feathers: Displays of Brilliant Plumage;Art;49.05;3
Art and Fear: Observations on the Perils (and Rewards) of Artmaking;Art;48.63;4
The New Drawing on the Right Side of the Brain;Art;43.02;3
History of Beauty;Art;10.29;4
The Story of Art;Art;41.14;4
The Art Book;Art;32.34;2
Ways of Seeing;Art;39.51;5
The Lucifer Effect: Understanding How Good People Turn Evil;Psychology;10.4;1
The Golden Condom: And Other Essays on Love Lost and Found;Psychology;39.43;1
It Didn't Start with You: How Inherited Family Trauma Shapes Who We Are and How to End the Cycle;Psychology;56.27;3
An Unquiet Mind: A Memoir of Moods and Madness;Psychology;21.3;3
Thinking, Fast and Slow;Psychology;21.14;1
Civilization and Its Discontents;Psychology;59.95;2
8 Keys to Mental Health Through Exercise;Psychology;31.04;1
The Argonauts;Autobiography;10.93;2
M Train;Autobiography;27.18;1
Lab Girl;Autobiography;40.85;1
Approval Junkie: Adventures in Caring Too Much;Autobiography;58.81;5
Running with Scissors;Autobiography;12.91;4
Me Talk Pretty One Day;Autobiography;57.6;2
Lust & Wonder;Autobiography;11.87;2
Life Without a Recipe;Autobiography;59.04;5
A Heartbreaking Work of Staggering Genius;Autobiography;54.29;5
Catastrophic Happiness: Finding Joy in Childhood's Messy Years;Parenting;37.35;2
Fifty Shades Freed (Fifty Shades #3);Adult fiction;15.36;5
The Long Haul (Diary of a Wimpy Kid #9);Humor;44.07;1
Old School (Diary of a Wimpy Kid #10);Humor;11.83;5
I Know What I'm Doing -- and Other Lies I Tell Myself: Dispatches from a Life Under Construction;Humor;25.98;4
Hyperbole and a Half: Unfortunate Situations, Flawed Coping Mechanisms, Mayhem, and Other Things That Happened;Humor;14.75;5
Dress Your Family in Corduroy and Denim;Humor;43.68;3
Toddlers Are A**holes: It's Not Your Fault;Humor;25.55;1
When You Are Engulfed in Flames;Humor;30.89;5
Naked;Humor;31.69;3
Lamb: The Gospel According to Biff, Christ's Childhood Pal;Humor;55.5;5
Holidays on Ice;Humor;51.07;2
Security;Horror;39.25;2
Follow You Home;Horror;21.36;1
The Loney;Horror;23.4;1
Pet Sematary;Horror;10.56;3
Doctor Sleep (The Shining #2);Horror;40.12;2
Psycho: Sanitarium (Psycho #1.5);Horror;36.97;5
Can You Keep a Secret? (Fear Street Relaunch #4);Horror;48.64;1
Red Dragon (Hannibal Lecter #1);Horror;23.37;3
Dracula the Un-Dead;Horror;35.63;5
Night Shift (Night Shift #1-20);Horror;12.75;4
Needful Things;Horror;47.51;4
Misery;Horror;34.79;2
It;Horror;25.01;3
'Salem's Lot;Horror;49.56;4
The Stand;Horror;57.86;2
The Girl with All the Gifts;Horror;49.47;3
House of Leaves;Horror;54.89;1
Sapiens: A Brief History of Humankind;History;54.23;5
Unbound: How Eight Technologies Made Us Human, Transformed Society, and Brought Our World to the Brink;History;25.52;1
The Age of Genius: The Seventeenth Century and the Birth of the Modern Mind;History;19.73;1
Political Suicide: Missteps, Peccadilloes, Bad Calls, Backroom Hijinx, Sordid Pasts, Rotten Breaks, and Just Plain Dumb Mistakes in the Annals of American Politics;History;36.28;2
Thomas Jefferson and the Tripoli Pirates: The Forgotten War That Changed American History;History;59.64;1
Zealot: The Life and Times of Jesus of Nazareth;History;24.7;3
A Distant Mirror: The Calamitous 14th Century;History;14.58;3
1491: New Revelations of the Americas Before Columbus;History;21.8;3
Brilliant Beacons: A History of the American Lighthouse;History;11.45;3
"""Most Blessed of the Patriarchs"": Thomas Jefferson and the Empire of the Imagination";History;44.48;5
A Short History of Nearly Everything;History;52.4;5
The Rise and Fall of the Third Reich: A History of Nazi Germany;History;39.67;2
Catherine the Great: Portrait of a Woman;History;58.55;4
The Mathews Men: Seven Brothers and the War Against Hitler's U-boats;History;42.91;5
The Hiding Place;History;55.91;4
America's War for the Greater Middle East: A Military History;History;51.22;2
The Guns of August;History;14.54;2
House of Lost Worlds: Dinosaurs, Dynasties, and the Story of Life on Earth;History;43.7;2
Foolproof Preserving: A Guide to Small Batch Jams, Jellies, Pickles, Condiments, and More: A Foolproof Guide to Making Small Batch Jams, Jellies, Pickles, Condiments, and More;Food and drink;30.52;3
The Pioneer Woman Cooks: Dinnertime: Comfort Classics, Freezer Food, 16-Minute Meals, and Other Delicious Ways to Solve Supper!;Food and drink;56.41;1
My Paris Kitchen: Recipes and Stories;Food and drink;33.37;2
Mama Tried: Traditional Italian Cooking for the Screwed, Crude, Vegan, and Tattooed;Food and drink;14.02;4
Layered: Baking, Building, and Styling Spectacular Cakes;Food and drink;40.11;1
The Nerdy Nummies Cookbook: Sweet Treats for the Geek in All of Us;Food and drink;37.34;5
The Love and Lemons Cookbook: An Apple-to-Zucchini Celebration of Impromptu Cooking;Food and drink;37.6;2
The Cookies & Cups Cookbook: 125+ sweet & savory recipes reminding you to Always Eat Dessert First;Food and drink;41.25;1
Deliciously Ella Every Day: Quick and Easy Recipes for Gluten-Free Snacks, Packed Lunches, and Simple Meals;Food and drink;42.16;3
The Help Yourself Cookbook for Kids: 60 Easy Plant-Based Recipes Kids Can Make to Stay Healthy and Save the Earth;Food and drink;28.77;3
It's All Easy: Healthy, Delicious Weeknight Meals in under 30 Minutes;Food and drink;19.55;1
Barefoot Contessa Back to Basics;Food and drink;28.01;1
Barefoot Contessa at Home: Everyday Recipes You'll Make Over and Over Again;Food and drink;50.62;5
My Kitchen Year: 136 Recipes That Saved My Life;Food and drink;11.53;2
Everyday Italian: 125 Simple and Delicious Recipes;Food and drink;20.1;5
A la Mode: 120 Recipes in 60 Pairings: Pies, Tarts, Cakes, Crisps, and More Topped with Ice Cream, Gelato, Frozen Custard, and More;Food and drink;38.77;1
Cravings: Recipes for What You Want to Eat;Food and drink;20.5;3
The Moosewood Cookbook: Recipes from Moosewood Restaurant, Ithaca, New York;Food and drink;12.34;4
32 Yolks;Food and drink;53.63;2
Naturally Lean: 125 Nourishing Gluten-Free, Plant-Based Recipes--All Under 300 Calories;Food and drink;11.38;5
How to Cook Everything Vegetarian: Simple Meatless Recipes for Great Food (How to Cook Everything);Food and drink;46.01;4
How to Be a Domestic Goddess: Baking and the Art of Comfort Cooking;Food and drink;28.25;2
The Barefoot Contessa Cookbook;Food and drink;59.92;5
Better Homes and Gardens New Cook Book;Food and drink;39.61;3
The Power Greens Cookbook: 140 Delicious Superfood Recipes;Food and drink;11.05;5
Mexican Today: New and Rediscovered Recipes for Contemporary Kitchens;Food and drink;24.91;5
Vegan Vegetarian Omnivore: Dinner for Everyone at the Table;Food and drink;13.66;2
The Smitten Kitchen Cookbook;Food and drink;23.59;1
The Art of Simple Food: Notes, Lessons, and Recipes from a Delicious Revolution;Food and drink;34.32;3
Hungry Girl Clean & Hungry: Easy All-Natural Recipes for Healthy Eating in the Real World;Food and drink;33.14;3
Redeeming Love;Christian fiction;20.47;5
Close to You;Christian fiction;49.46;4
Shadows of the Past (Logan Point #1);Christian fiction;39.67;5
Like Never Before (Walker Family #2);Christian fiction;28.77;2
Counted With the Stars (Out from Egypt #1);Christian fiction;17.97;5
If I Run (If I Run #1);Christian fiction;49.97;4
The Dirty Little Secrets of Getting Your Dream Job;Business;33.34;4
The Third Wave: An Entrepreneur’s Vision of the Future;Business;12.61;5
The 10% Entrepreneur: Live Your Startup Dream Without Quitting Your Day Job;Business;27.55;3
Shoe Dog: A Memoir by the Creator of NIKE;Business;23.99;2
Made to Stick: Why Some Ideas Survive and Others Die;Business;38.85;5
Quench Your Own Thirst: Business Lessons Learned Over a Beer or Two;Business;43.14;1
The Art of Startup Fundraising;Business;21.0;3
Born for This: How to Find the Work You Were Meant to Do;Business;21.59;5
The E-Myth Revisited: Why Most Small Businesses Don't Work and What to Do About It;Business;36.91;1
Rich Dad, Poor Dad;Business;51.74;1
The Lean Startup: How Today's Entrepreneurs Use Continuous Innovation to Create Radically Successful Businesses;Business;33.92;3
Rework;Business;44.88;2
Louisa: The Extraordinary Life of Mrs. Adams;Biography;16.85;2
Setting the World on Fire: The Brief, Astonishing Life of St. Catherine of Siena;Biography;21.15;2
The Faith of Christopher Hitchens: The Restless Soul of the World's Most Notorious Atheist;Biography;39.55;1
Benjamin Franklin: An American Life;Biography;48.19;3
The Rise of Theodore Roosevelt (Theodore Roosevelt #1);Biography;42.57;3
In Her Wake;Thriller;12.84;1
The Elephant Tree;Thriller;23.82;5
Behind Closed Doors;Thriller;52.22;4
You (You #1);Thriller;43.61;5
The Guilty (Will Robie #4);Thriller;13.82;2
The 14th Colony (Cotton Malone #11);Thriller;39.24;1
Give It Back;Thriller;18.32;2
Killing Floor (Jack Reacher #1);Thriller;31.49;4
The Bone Hunters (Lexy Vaughan & Steven Macaulay #2);Thriller;59.71;3
Far From True (Promise Falls Trilogy #2);Thriller;34.93;2
The Travelers;Thriller;15.77;1
When We Collided;Contemporary;31.77;1
Someone Like You (The Harrisons #2);Contemporary;52.79;5
We Are All Completely Beside Ourselves;Contemporary;24.04;1
The Four Agreements: A Practical Guide to Personal Freedom;Spirituality;17.66;5
The Activist's Tao Te Ching: Ancient Advice for a Modern Revolution;Spirituality;32.24;5
Chasing Heaven: What Dying Taught Me About Living;Spirituality;37.8;2
If I Gave You God's Phone Number....: Searching for Spirituality in America;Spirituality;20.91;1
Unreasonable Hope: Finding Faith in the God Who Brings Purpose to Your Pain;Spirituality;46.33;2
A New Earth: Awakening to Your Life's Purpose;Spirituality;55.65;5
Logan Kade (Fallen Crest High #5.5);Academic;13.12;2
Online Marketing for Busy Authors: A Step-By-Step Guide;Self help;46.35;1
How to Be Miserable: 40 Strategies You Already Use;Self help;46.03;1
Overload: How to Unplug, Unwind, and Unleash Yourself from the Pressure of Stress;Self help;52.15;3
You Are a Badass: How to Stop Doubting Your Greatness and Start Living an Awesome Life;Self help;12.08;3
How to Stop Worrying and Start Living;Self help;46.49;5
All the Light We Cannot See;Historical;29.87;5
The Girl You Left Behind (The Girl You Left Behind #1);Historical;15.79;1
(Un)Qualified: How God Uses Broken People to Do Big Things;Christian;54.0;5
Crazy Love: Overwhelmed by a Relentless God;Christian;47.72;2
Blue Like Jazz: Nonreligious Thoughts on Christian Spirituality;Christian;25.77;1
Silence in the Dark (Logan Point #4);Suspense;58.33;3
The Grownup;Short stories;35.88;1
Suzie Snowflake: One beautiful flake (a self-esteem story);Novels;54.81;5
The Bulletproof Diet: Lose up to a Pound a Day, Reclaim Energy and Focus, Upgrade Your Life;Health;49.05;3
Eat Fat, Get Thin;Health;54.07;2
10-Day Green Smoothie Cleanse: Lose Up to 15 Pounds in 10 Days!;Health;49.71;5
The Art and Science of Low Carbohydrate Living;Health;52.98;5
Libertarianism for Beginners;Politics;51.33;2
Why the Right Went Wrong: Conservatism--From Goldwater to the Tea Party and Beyond;Politics;52.65;4
Equal Is Unfair: America's Misguided Fight Against Income Inequality;Politics;56.86;1
Amid the Chaos;Cultural;36.58;1
Dark Notes;Erotica;19.19;5
The Long Shadow of Small Ghosts: Murder and Memory in an American City;Crime;10.97;1
